[
    {
        "model": "auth.permission",
        "pk": 1,
        "fields": {
            "name": "Can add log entry",
            "content_type": 1,
            "codename": "add_logentry"
        }
    },
    {
        "model": "auth.permission",
        "pk": 2,
        "fields": {
            "name": "Can change log entry",
            "content_type": 1,
            "codename": "change_logentry"
        }
    },
    {
        "model": "auth.permission",
        "pk": 3,
        "fields": {
            "name": "Can delete log entry",
            "content_type": 1,
            "codename": "delete_logentry"
        }
    },
    {
        "model": "auth.permission",
        "pk": 4,
        "fields": {
            "name": "Can view log entry",
            "content_type": 1,
            "codename": "view_logentry"
        }
    },
    {
        "model": "auth.permission",
        "pk": 5,
        "fields": {
            "name": "Can add permission",
            "content_type": 2,
            "codename": "add_permission"
        }
    },
    {
        "model": "auth.permission",
        "pk": 6,
        "fields": {
            "name": "Can change permission",
            "content_type": 2,
            "codename": "change_permission"
        }
    },
    {
        "model": "auth.permission",
        "pk": 7,
        "fields": {
            "name": "Can delete permission",
            "content_type": 2,
            "codename": "delete_permission"
        }
    },
    {
        "model": "auth.permission",
        "pk": 8,
        "fields": {
            "name": "Can view permission",
            "content_type": 2,
            "codename": "view_permission"
        }
    },
    {
        "model": "auth.permission",
        "pk": 9,
        "fields": {
            "name": "Can add group",
            "content_type": 3,
            "codename": "add_group"
        }
    },
    {
        "model": "auth.permission",
        "pk": 10,
        "fields": {
            "name": "Can change group",
            "content_type": 3,
            "codename": "change_group"
        }
    },
    {
        "model": "auth.permission",
        "pk": 11,
        "fields": {
            "name": "Can delete group",
            "content_type": 3,
            "codename": "delete_group"
        }
    },
    {
        "model": "auth.permission",
        "pk": 12,
        "fields": {
            "name": "Can view group",
            "content_type": 3,
            "codename": "view_group"
        }
    },
    {
        "model": "auth.permission",
        "pk": 13,
        "fields": {
            "name": "Can add user",
            "content_type": 4,
            "codename": "add_user"
        }
    },
    {
        "model": "auth.permission",
        "pk": 14,
        "fields": {
            "name": "Can change user",
            "content_type": 4,
            "codename": "change_user"
        }
    },
    {
        "model": "auth.permission",
        "pk": 15,
        "fields": {
            "name": "Can delete user",
            "content_type": 4,
            "codename": "delete_user"
        }
    },
    {
        "model": "auth.permission",
        "pk": 16,
        "fields": {
            "name": "Can view user",
            "content_type": 4,
            "codename": "view_user"
        }
    },
    {
        "model": "auth.permission",
        "pk": 17,
        "fields": {
            "name": "Can add content type",
            "content_type": 5,
            "codename": "add_contenttype"
        }
    },
    {
        "model": "auth.permission",
        "pk": 18,
        "fields": {
            "name": "Can change content type",
            "content_type": 5,
            "codename": "change_contenttype"
        }
    },
    {
        "model": "auth.permission",
        "pk": 19,
        "fields": {
            "name": "Can delete content type",
            "content_type": 5,
            "codename": "delete_contenttype"
        }
    },
    {
        "model": "auth.permission",
        "pk": 20,
        "fields": {
            "name": "Can view content type",
            "content_type": 5,
            "codename": "view_contenttype"
        }
    },
    {
        "model": "auth.permission",
        "pk": 21,
        "fields": {
            "name": "Can add session",
            "content_type": 6,
            "codename": "add_session"
        }
    },
    {
        "model": "auth.permission",
        "pk": 22,
        "fields": {
            "name": "Can change session",
            "content_type": 6,
            "codename": "change_session"
        }
    },
    {
        "model": "auth.permission",
        "pk": 23,
        "fields": {
            "name": "Can delete session",
            "content_type": 6,
            "codename": "delete_session"
        }
    },
    {
        "model": "auth.permission",
        "pk": 24,
        "fields": {
            "name": "Can view session",
            "content_type": 6,
            "codename": "view_session"
        }
    },
    {
        "model": "auth.permission",
        "pk": 25,
        "fields": {
            "name": "Can add profile",
            "content_type": 7,
            "codename": "add_profile"
        }
    },
    {
        "model": "auth.permission",
        "pk": 26,
        "fields": {
            "name": "Can change profile",
            "content_type": 7,
            "codename": "change_profile"
        }
    },
    {
        "model": "auth.permission",
        "pk": 27,
        "fields": {
            "name": "Can delete profile",
            "content_type": 7,
            "codename": "delete_profile"
        }
    },
    {
        "model": "auth.permission",
        "pk": 28,
        "fields": {
            "name": "Can view profile",
            "content_type": 7,
            "codename": "view_profile"
        }
    },
    {
        "model": "auth.user",
        "pk": 1,
        "fields": {
            "password": "pbkdf2_sha256$390000$yiB0drPS7JdxW0RHkW666t$AtGKk2VP47HF9KjVgTiWO0zlJpCUKpxINC3IVCg46cU=",
            "last_login": "2022-12-30T12:30:28.143Z",
            "is_superuser": true,
            "username": "admin",
            "first_name": "",
            "last_name": "",
            "email": "",
            "is_staff": true,
            "is_active": true,
            "date_joined": "2022-11-17T12:48:17.836Z",
            "groups": [],
            "user_permissions": []
        }
    },
    {
        "model": "auth.user",
        "pk": 16,
        "fields": {
            "password": "pbkdf2_sha256$390000$kceeCZExtC93cwWlhlMN37$hU/PmNixad/S5kUH3yoLDyLojXF1yHK8yq48m06etR0=",
            "last_login": "2022-12-29T18:10:25.986Z",
            "is_superuser": false,
            "username": "harshsaraiya11@gmail.com",
            "first_name": "Harsh",
            "last_name": "Saraiya",
            "email": "harshsaraiya11@gmail.com",
            "is_staff": false,
            "is_active": true,
            "date_joined": "2022-11-19T13:35:59.102Z",
            "groups": [],
            "user_permissions": []
        }
    },
    {
        "model": "auth.user",
        "pk": 18,
        "fields": {
            "password": "pbkdf2_sha256$390000$gUpXhT0XZm5ryYEnokZ8Vm$wqESSXf4dDbOLXypfZYrEHbpdXoUkY72wnpFKwYXFnA=",
            "last_login": null,
            "is_superuser": false,
            "username": "bajalji@gmail.com",
            "first_name": "Balaji",
            "last_name": "Yadav",
            "email": "bajali@gmail.com",
            "is_staff": false,
            "is_active": true,
            "date_joined": "2022-11-21T10:52:53.324Z",
            "groups": [],
            "user_permissions": []
        }
    },
    {
        "model": "auth.user",
        "pk": 33,
        "fields": {
            "password": "pbkdf2_sha256$390000$dSKSkZOnhGXDxUx3Q0Bnb4$/tbPLyAkZq+FhDFJqxSFuwbVGfiWAni+ZO5zzEmi43s=",
            "last_login": null,
            "is_superuser": false,
            "username": "kaustubhsawant@gmail.com",
            "first_name": "Kaustubh",
            "last_name": "Sawant",
            "email": "kaustubhsawant@gmail.com",
            "is_staff": false,
            "is_active": true,
            "date_joined": "2022-11-22T21:38:04.299Z",
            "groups": [],
            "user_permissions": []
        }
    },
    {
        "model": "auth.user",
        "pk": 37,
        "fields": {
            "password": "pbkdf2_sha256$390000$m60cwNMMWOjEfDchVqvMxw$Ub3iAoFoX06fTywCIdoZqvekxVFS+UKTe2EU7TJwBZ8=",
            "last_login": "2022-11-25T08:21:10.079Z",
            "is_superuser": false,
            "username": "prajaktamhaske3010@gmail.com",
            "first_name": "Prajakta",
            "last_name": "Mhaske",
            "email": "prajaktamhaske3010@gmail.com",
            "is_staff": false,
            "is_active": true,
            "date_joined": "2022-11-25T08:19:27.151Z",
            "groups": [],
            "user_permissions": []
        }
    },
    {
        "model": "auth.user",
        "pk": 38,
        "fields": {
            "password": "pbkdf2_sha256$390000$bFCH9GbYFnHREHxCAm8VZz$Zc+hbAF2kIVMHtB2HTugUKBTJyJ/PRSfp67/dwPEReM=",
            "last_login": "2022-11-25T11:16:08.075Z",
            "is_superuser": false,
            "username": "rohitsharma@gmail.com",
            "first_name": "Rohit",
            "last_name": "Sharma",
            "email": "rohitsharma@gmail.com",
            "is_staff": false,
            "is_active": true,
            "date_joined": "2022-11-25T11:15:32.372Z",
            "groups": [],
            "user_permissions": []
        }
    },
    {
        "model": "auth.user",
        "pk": 41,
        "fields": {
            "password": "pbkdf2_sha256$390000$OMyrW04EAWgibW64pKPepd$R9KDboE1P2W+1Eoyq1k5hL9pqTX7GI6M26wO2DUV/5U=",
            "last_login": null,
            "is_superuser": false,
            "username": "muskansri@gmail.com",
            "first_name": "Muskan",
            "last_name": "Srivastava",
            "email": "muskansri@gmail.com",
            "is_staff": false,
            "is_active": true,
            "date_joined": "2022-12-30T12:31:10.068Z",
            "groups": [],
            "user_permissions": []
        }
    },
    {
        "model": "auth.user",
        "pk": 42,
        "fields": {
            "password": "pbkdf2_sha256$390000$MT67tRvBB4JRayVSLThoqn$fZmTKPU5D6Rrpk3QVH/yNAsi6dgT6OhrCHvIaUFK63A=",
            "last_login": null,
            "is_superuser": false,
            "username": "shubhamkarnale@gmail.com",
            "first_name": "Shubham",
            "last_name": "Karnale",
            "email": "shubhamkarnale@gmail.com",
            "is_staff": false,
            "is_active": true,
            "date_joined": "2022-12-30T12:35:03.748Z",
            "groups": [],
            "user_permissions": []
        }
    },
    {
        "model": "auth.user",
        "pk": 44,
        "fields": {
            "password": "pbkdf2_sha256$390000$14A9gIMX4yBcscMifFrSlf$L/QnjrYRCQONcFi9Wex8VL6vVS6FSNBuKiLw1OgLpT8=",
            "last_login": null,
            "is_superuser": false,
            "username": "shreyasmoolya@gmail.com",
            "first_name": "Shreyas",
            "last_name": "Moolya",
            "email": "shreyasmoolya@gmail.com",
            "is_staff": false,
            "is_active": true,
            "date_joined": "2022-12-30T12:42:40.047Z",
            "groups": [],
            "user_permissions": []
        }
    },
    {
        "model": "auth.user",
        "pk": 46,
        "fields": {
            "password": "pbkdf2_sha256$390000$a8yg91Tz1f61DmapbIXgvl$J66Gbi3PIHql8BKkrNEailnMOJZRwRe5TB+Wmg/pKUU=",
            "last_login": null,
            "is_superuser": false,
            "username": "ganyasawant@gmail.com",
            "first_name": "Ganesh",
            "last_name": "Sawant",
            "email": "ganyasawant@gmail.com",
            "is_staff": false,
            "is_active": true,
            "date_joined": "2022-12-30T12:46:08.441Z",
            "groups": [],
            "user_permissions": []
        }
    },
    {
        "model": "auth.user",
        "pk": 47,
        "fields": {
            "password": "pbkdf2_sha256$390000$QFrG89DOn36DAmaJ14CZHQ$55JXgck3cocQSA2ZZHhTWigNp+0YeUJapxweEEtor8M=",
            "last_login": null,
            "is_superuser": false,
            "username": "namratapandey@gmail.com",
            "first_name": "Namrata",
            "last_name": "Pandey",
            "email": "namratapandey@gmail.com",
            "is_staff": false,
            "is_active": true,
            "date_joined": "2022-12-30T13:01:18.555Z",
            "groups": [],
            "user_permissions": []
        }
    },
    {
        "model": "auth.user",
        "pk": 48,
        "fields": {
            "password": "pbkdf2_sha256$390000$J2l9fJP4Boy3BwTkGIjXWl$p5el9ByLDCCtN0bFf2NY+BI2zU3ggBYrzeYbksAv05M=",
            "last_login": null,
            "is_superuser": false,
            "username": "ruchiamin@gmail.com",
            "first_name": "Ruchika",
            "last_name": "Amin",
            "email": "ruchiamin@gmail.com",
            "is_staff": false,
            "is_active": true,
            "date_joined": "2023-01-01T18:40:13.012Z",
            "groups": [],
            "user_permissions": []
        }
    },
    {
        "model": "auth.user",
        "pk": 49,
        "fields": {
            "password": "pbkdf2_sha256$390000$20VW4TOce7kms7Fw5LIQmb$e004Y2rp8OF2HKLrfH/JyKzUWLekHmqxY4XmzUmvuOc=",
            "last_login": null,
            "is_superuser": false,
            "username": "prekshapoojary@gmail.com",
            "first_name": "Preksha",
            "last_name": "Poojary",
            "email": "prekshapoojary@gmail.com",
            "is_staff": false,
            "is_active": true,
            "date_joined": "2023-01-01T18:42:40.834Z",
            "groups": [],
            "user_permissions": []
        }
    },
    {
        "model": "auth.user",
        "pk": 50,
        "fields": {
            "password": "pbkdf2_sha256$390000$hFz06ep7tfVEinYDm03Kai$2cJExE0sJxQJ42zSv8drhzT/GiY8vktm47y0Vajvms0=",
            "last_login": null,
            "is_superuser": false,
            "username": "darshilpanchal@gmail.com",
            "first_name": "Darshil",
            "last_name": "Panchal",
            "email": "darshilpanchal@gmail.com",
            "is_staff": false,
            "is_active": true,
            "date_joined": "2023-01-01T18:44:55.367Z",
            "groups": [],
            "user_permissions": []
        }
    },
    {
        "model": "auth.user",
        "pk": 51,
        "fields": {
            "password": "pbkdf2_sha256$390000$xMB5mZuZUbfWO6tTeYwdKo$uTSOFIWWHDKYGHr69t91JrzYDghJMCS3Kj/PJpi3NnQ=",
            "last_login": null,
            "is_superuser": false,
            "username": "prthanekar@gmail.com",
            "first_name": "Pranav",
            "last_name": "Thanekar",
            "email": "prthanekar@gmail.com",
            "is_staff": false,
            "is_active": true,
            "date_joined": "2023-01-01T18:46:52.364Z",
            "groups": [],
            "user_permissions": []
        }
    },
    {
        "model": "auth.user",
        "pk": 52,
        "fields": {
            "password": "pbkdf2_sha256$390000$u4wisAY70HRWu5ZSuxrcLu$/2v+62nhstY32nddyplz5fx4cG1/LqBFjeAXiWkGaOA=",
            "last_login": null,
            "is_superuser": false,
            "username": "radharakshe@gmail.com",
            "first_name": "Radha",
            "last_name": "Rakshe",
            "email": "radharakshe@gmail.com",
            "is_staff": false,
            "is_active": true,
            "date_joined": "2023-01-01T18:49:40.052Z",
            "groups": [],
            "user_permissions": []
        }
    }
]