[
    {
        "model": "home.profile",
        "pk": 16,
        "fields": {
            "phone": 7715099520,
            "age": 21,
            "insured_sex": 1,
            "address1": "Runwal Estate",
            "address2": "MANPADA",
            "city": "Thane",
            "state": "Maharashtra",
            "pincode": "400601",
            "pan": "LEDPS4211M",
            "aadhar": "369817334359",
            "policyno": "110101",
            "premium": 8000,
            "brand": "3",
            "caryear": "2016",
            "registrationno": "MH04HF5923",
            "chassisno": "QWERTY12345678900"
        }
    },
    {
        "model": "home.profile",
        "pk": 18,
        "fields": {
            "phone": 9874561230,
            "age": 23,
            "insured_sex": 1,
            "address1": "Nitin Company",
            "address2": "Kachrali Talav",
            "city": "Thane",
            "state": "Maharashtra",
            "pincode": "400602",
            "pan": "QWERTY1234",
            "aadhar": "112233445566",
            "policyno": "998877",
            "premium": 6000,
            "brand": "11",
            "caryear": "2021",
            "registrationno": "MH05FG1234",
            "chassisno": "QWERTYUI123456788"
        }
    },
    {
        "model": "home.profile",
        "pk": 33,
        "fields": {
            "phone": 9439492422,
            "age": 34,
            "insured_sex": 1,
            "address1": "fvmwfw",
            "address2": "dfvvpe",
            "city": "Mumbai",
            "state": "Maharashtra",
            "pincode": "400243",
            "pan": "OVFD34334C",
            "aadhar": "862174687611",
            "policyno": "887959",
            "premium": 9000,
            "brand": "5",
            "caryear": "2021",
            "registrationno": "MH03EW2349",
            "chassisno": "FJCOWIEF232482301"
        }
    },
    {
        "model": "home.profile",
        "pk": 37,
        "fields": {
            "phone": 9874561230,
            "age": 22,
            "insured_sex": 0,
            "address1": "Nitin Company",
            "address2": "Kachrali Talav",
            "city": "Thane",
            "state": "Maharashtra",
            "pincode": "400602",
            "pan": "TYUIOP9876",
            "aadhar": "987456123000",
            "policyno": "654899",
            "premium": 7500,
            "brand": "4",
            "caryear": "2011",
            "registrationno": "MH04KD3648",
            "chassisno": "ASDFGHJ9876543210"
        }
    },
    {
        "model": "home.profile",
        "pk": 38,
        "fields": {
            "phone": 8864651684,
            "age": 48,
            "insured_sex": 1,
            "address1": "fwefiujdoqid",
            "address2": "verfijwof",
            "city": "Thane",
            "state": "Maharashtra",
            "pincode": "400601",
            "pan": "ABCD123456",
            "aadhar": "862174687611",
            "policyno": "354864",
            "premium": 1406,
            "brand": "11",
            "caryear": "2021",
            "registrationno": "MH04KD3648",
            "chassisno": "ZXCVBNM7852697024"
        }
    },
    {
        "model": "home.profile",
        "pk": 41,
        "fields": {
            "phone": 9810843355,
            "age": 22,
            "insured_sex": 0,
            "address1": "JB nagar chakala",
            "address2": "Andheri east",
            "city": "Mumbai",
            "state": "Maharashtra",
            "pincode": "400503",
            "pan": "LFEJU9344L",
            "aadhar": "534093094303",
            "policyno": "959493",
            "premium": 12000,
            "brand": "5",
            "caryear": "2022",
            "registrationno": "MH03LD5456",
            "chassisno": "GRJNV493409349943"
        }
    },
    {
        "model": "home.profile",
        "pk": 42,
        "fields": {
            "phone": 9619817730,
            "age": 25,
            "insured_sex": 1,
            "address1": "Runwal Estate, GB road",
            "address2": "Thane west",
            "city": "Thane",
            "state": "Maharashtra",
            "pincode": "400607",
            "pan": "LFDAQ4560B",
            "aadhar": "450534076070",
            "policyno": "124345",
            "premium": 10000,
            "brand": "4",
            "caryear": "2015",
            "registrationno": "MH04KD5043",
            "chassisno": "GDDHHY65767896534"
        }
    },
    {
        "model": "home.profile",
        "pk": 44,
        "fields": {
            "phone": 9819238700,
            "age": 32,
            "insured_sex": 1,
            "address1": "D1/701, Runwal Estate,",
            "address2": "Thane west",
            "city": "Thane",
            "state": "Maharashtra",
            "pincode": "400607",
            "pan": "KFIVW8403M",
            "aadhar": "495402495495",
            "policyno": "340934",
            "premium": 6000,
            "brand": "7",
            "caryear": "2018",
            "registrationno": "MH04DS5040",
            "chassisno": "MEOKSO49309400304"
        }
    },
    {
        "model": "home.profile",
        "pk": 46,
        "fields": {
            "phone": 9876543234,
            "age": 23,
            "insured_sex": 1,
            "address1": "Ghatkopar Khau galli",
            "address2": "Ghatkopar west",
            "city": "Mumbai",
            "state": "Maharashtra",
            "pincode": "400385",
            "pan": "KDOSX4859M",
            "aadhar": "345901202320",
            "policyno": "449393",
            "premium": 12000,
            "brand": "8",
            "caryear": "2019",
            "registrationno": "MH02HF5923",
            "chassisno": "MDOFDXO4093403093"
        }
    },
    {
        "model": "home.profile",
        "pk": 47,
        "fields": {
            "phone": 5893983833,
            "age": 28,
            "insured_sex": 0,
            "address1": "Acme Ozone",
            "address2": "Manpada, thane",
            "city": "Thane",
            "state": "Maharashtra",
            "pincode": "$00607",
            "pan": "FODOW4893M",
            "aadhar": "986020248430",
            "policyno": "385094",
            "premium": 14000,
            "brand": "0",
            "caryear": "2010",
            "registrationno": "MH04AB5949",
            "chassisno": "MFDOK459395030249"
        }
    },
    {
        "model": "home.profile",
        "pk": 48,
        "fields": {
            "phone": 9189483947,
            "age": 25,
            "insured_sex": 0,
            "address1": "Runwal Pearl, Manpada",
            "address2": "Thane",
            "city": "Thane",
            "state": "Maharashtra",
            "pincode": "400607",
            "pan": "FKECO4045M",
            "aadhar": "034898420932",
            "policyno": "859430",
            "premium": 8600,
            "brand": "1",
            "caryear": "2017",
            "registrationno": "MH04AB1000",
            "chassisno": "MH04IMLDO30334933"
        }
    },
    {
        "model": "home.profile",
        "pk": 49,
        "fields": {
            "phone": 7720349948,
            "age": 26,
            "insured_sex": 0,
            "address1": "Lodha Palava",
            "address2": "Dombivali",
            "city": "Thane",
            "state": "Maharashtra",
            "pincode": "400506",
            "pan": "ADQLP9484P",
            "aadhar": "294482048569",
            "policyno": "402485",
            "premium": 9000,
            "brand": "3",
            "caryear": "2020",
            "registrationno": "MH04DF1930",
            "chassisno": "FKLEOM94544498120"
        }
    },
    {
        "model": "home.profile",
        "pk": 50,
        "fields": {
            "phone": 8653923850,
            "age": 22,
            "insured_sex": 1,
            "address1": "Rustomjee Urbania",
            "address2": "Majiwada",
            "city": "Thane",
            "state": "Maharashtra",
            "pincode": "400601",
            "pan": "VDOXP1301K",
            "aadhar": "917405677303",
            "policyno": "285920",
            "premium": 12000,
            "brand": "6",
            "caryear": "2019",
            "registrationno": "MH03KL5001",
            "chassisno": "MCURCP39358302457"
        }
    },
    {
        "model": "home.profile",
        "pk": 51,
        "fields": {
            "phone": 9189247935,
            "age": 24,
            "insured_sex": 1,
            "address1": "Happy Valley",
            "address2": "Manpada",
            "city": "Thane",
            "state": "Maharashtra",
            "pincode": "400602",
            "pan": "KOFEP0394H",
            "aadhar": "104840257590",
            "policyno": "947302",
            "premium": 22000,
            "brand": "10",
            "caryear": "2017",
            "registrationno": "MH04ED6789",
            "chassisno": "MIKXSO42040937885"
        }
    },
    {
        "model": "home.profile",
        "pk": 52,
        "fields": {
            "phone": 9339920385,
            "age": 23,
            "insured_sex": 0,
            "address1": "Pulomi Heights",
            "address2": "Panchpakadi",
            "city": "Thane",
            "state": "Maharashtra",
            "pincode": "400601",
            "pan": "MFHCO4940R",
            "aadhar": "580238120393",
            "policyno": "548402",
            "premium": 13000,
            "brand": "9",
            "caryear": "2021",
            "registrationno": "MH02PW4920",
            "chassisno": "LFCNSOU3902309548"
        }
    }
]